Type_of_Event,BoyFriend,GirlFriend,Date_Time_Stamp
Commited,B12,G1,26/02/17 12:56:56
Commited,B5,G2,26/02/17 12:56:56
Commited,B18,G5,26/02/17 12:56:56
Commited,B21,G8,26/02/17 12:56:56
Commited,B29,G10,26/02/17 12:56:56
Commited,B33,G16,26/02/17 12:56:56
Commited,B48,G21,26/02/17 12:56:56
Commited,B50,G23,26/02/17 12:56:56
Commited,B59,G27,26/02/17 12:56:56
Commited,B31,G28,26/02/17 12:56:56
Commited,B11,G35,26/02/17 12:56:56
Commited,B8,G47,26/02/17 12:56:56
Commited,B70,G48,26/02/17 12:56:56
Commited,B82,G51,26/02/17 12:56:56
Commited,B32,G58,26/02/17 12:56:56
Commited,B78,G60,26/02/17 12:56:56
Commited,B92,G62,26/02/17 12:56:56
Commited,B80,G63,26/02/17 12:56:56
Commited,B54,G64,26/02/17 12:56:56
Commited,B87,G67,26/02/17 12:56:56
Commited,B110,G74,26/02/17 12:56:56
Commited,B34,G76,26/02/17 12:56:56
Commited,B119,G77,26/02/17 12:56:56
Commited,B41,G79,26/02/17 12:56:56
Commited,B169,G80,26/02/17 12:56:56
Commited,B63,G82,26/02/17 12:56:56
Commited,B79,G83,26/02/17 12:56:56
Commited,B81,G85,26/02/17 12:56:56
Commited,B89,G86,26/02/17 12:56:56
Commited,B96,G89,26/02/17 12:56:56
Commited,B101,G92,26/02/17 12:56:56
Commited,B55,G3,26/02/17 12:56:56
Commited,B124,G4,26/02/17 12:56:56
Commited,B205,G6,26/02/17 12:56:56
Commited,B51,G7,26/02/17 12:56:56
Commited,B129,G9,26/02/17 12:56:56
Commited,B213,G11,26/02/17 12:56:56
Commited,B149,G12,26/02/17 12:56:56
Commited,B132,G14,26/02/17 12:56:56
Commited,B123,G22,26/02/17 12:56:56
Commited,B134,G26,26/02/17 12:56:56
Commited,B148,G29,26/02/17 12:56:56
Commited,B154,G30,26/02/17 12:56:56
Commited,B153,G32,26/02/17 12:56:56
Commited,B147,G37,26/02/17 12:56:56
Commited,B172,G38,26/02/17 12:56:56
Commited,B159,G41,26/02/17 12:56:56
Commited,B161,G42,26/02/17 12:56:56
Commited,B240,G44,26/02/17 12:56:56
Commited,B251,G45,26/02/17 12:56:56
Commited,B162,G49,26/02/17 12:56:56
Commited,B107,G53,26/02/17 12:56:56
Commited,B105,G54,26/02/17 12:56:56
Commited,B165,G55,26/02/17 12:56:56
Commited,B163,G69,26/02/17 12:56:56
Commited,B114,G70,26/02/17 12:56:56
Commited,B85,G71,26/02/17 12:56:56
Commited,B166,G72,26/02/17 12:56:56
Commited,B279,G84,26/02/17 12:56:56
Commited,B168,G87,26/02/17 12:56:56
Commited,B198,G88,26/02/17 12:56:56
Commited,B190,G90,26/02/17 12:56:56
Commited,B69,G93,26/02/17 12:56:56
Commited,B309,G94,26/02/17 12:56:56
Commited,B212,G95,26/02/17 12:56:56
Commited,B273,G96,26/02/17 12:56:56
Commited,B195,G97,26/02/17 12:56:56
Commited,B185,G98,26/02/17 12:56:56
Commited,B186,G13,26/02/17 12:56:56
Commited,B244,G15,26/02/17 12:56:56
Commited,B210,G17,26/02/17 12:56:56
Commited,B220,G18,26/02/17 12:56:56
Commited,B399,G19,26/02/17 12:56:56
Commited,B269,G20,26/02/17 12:56:56
Commited,B282,G24,26/02/17 12:56:56
Commited,B272,G25,26/02/17 12:56:56
Commited,B402,G31,26/02/17 12:56:56
Commited,B289,G33,26/02/17 12:56:56
Commited,B317,G34,26/02/17 12:56:56
Commited,B221,G36,26/02/17 12:56:56
Commited,B312,G39,26/02/17 12:56:56
Commited,B222,G40,26/02/17 12:56:56
Commited,B208,G43,26/02/17 12:56:56
Commited,B433,G46,26/02/17 12:56:56
Commited,B215,G50,26/02/17 12:56:56
Commited,B533,G52,26/02/17 12:56:56
Commited,B218,G56,26/02/17 12:56:56
Commited,B226,G57,26/02/17 12:56:56
Commited,B247,G59,26/02/17 12:56:56
Commited,B258,G61,26/02/17 12:56:56
Commited,B241,G65,26/02/17 12:56:56
Commited,B2,G66,26/02/17 12:56:56
Commited,B391,G68,26/02/17 12:56:56
Commited,B392,G73,26/02/17 12:56:56
Commited,B393,G75,26/02/17 12:56:56
Commited,B406,G78,26/02/17 12:56:56
Commited,B243,G81,26/02/17 12:56:56
Commited,B412,G91,26/02/17 12:56:56
Commited,B409,G99,26/02/17 12:56:56
Commited,B276,G100,26/02/17 12:56:56
